,,,Standard,Standard,Standard,Standard,Standard,Standard,Standard,Standard,Standard,Standard
Squad,# Pl,90s,Gls,Sh,SoT,SoT%,Sh/90,SoT/90,G/Sh,G/SoT,PK,PKatt
Arsenal,26,38.0,84,589,194,32.9,15.50,5.11,0.14,0.43,3,4
Aston Villa,26,38.0,49,427,145,34.0,11.24,3.82,0.11,0.34,3,4
Bournemouth,31,38.0,37,358,126,35.2,9.42,3.32,0.10,0.29,0,0
Brentford,25,38.0,56,400,147,36.8,10.53,3.87,0.14,0.38,7,8
Brighton,29,38.0,68,607,219,36.1,15.97,5.76,0.11,0.31,6,6
Chelsea,32,38.0,37,481,151,31.4,12.66,3.97,0.08,0.25,3,3
Crystal Palace,26,38.0,38,423,133,31.4,11.13,3.50,0.09,0.29,1,3
Everton,28,38.0,32,426,143,33.6,11.21,3.76,0.08,0.22,3,3
Fulham,29,38.0,52,420,137,32.6,11.05,3.61,0.12,0.38,5,9
Leeds United,29,38.0,45,459,141,30.7,12.08,3.71,0.10,0.32,1,3
Leicester City,28,38.0,49,412,142,34.5,10.84,3.74,0.12,0.35,3,6
Liverpool,28,38.0,71,601,203,33.8,15.82,5.34,0.12,0.35,2,4
Manchester City,24,38.0,92,590,205,34.7,15.53,5.39,0.16,0.45,9,10
Manchester Utd,26,38.0,56,590,206,34.9,15.53,5.42,0.09,0.27,3,3
Newcastle,27,38.0,64,565,184,32.6,14.87,4.84,0.11,0.35,6,6
Nottingham,33,38.0,36,362,111,30.7,9.53,2.92,0.10,0.32,3,6
Southampton,36,38.0,36,413,132,32.0,10.87,3.47,0.09,0.27,2,4
Tottenham,29,38.0,68,512,186,36.3,13.47,4.89,0.13,0.37,5,6
West Ham,25,38.0,41,466,133,28.5,12.26,3.50,0.09,0.31,6,8
Wolves,32,38.0,28,409,119,29.1,10.76,3.13,0.07,0.24,3,3
