"season","Gls","Sh","SoT","PK","PKatt","shots_per_match","np_goals","np_g_per_sh_inc","np_g_per_sh_exc","np_shots","np_g_per_sh","sot_pct","t"
"2016-17",1029,9729,3284,81,106,25.6026315789474,948,0.0982587064676617,0.0974406413814369,9648,0.0982587064676617,33.7547538287594,0
"2017-18",988,9217,3031,56,80,24.2552631578947,932,0.101735618382273,0.101117500271238,9161,0.101735618382273,32.8848866225453,1
"2018-19",1040,9531,3142,84,103,25.0815789473684,956,0.10119614692495,0.100304270275942,9447,0.10119614692495,32.9661105865072,2
"2019-20",1002,9305,3117,72,92,24.4868421052632,930,0.100725657965992,0.0999462654486835,9233,0.100725657965992,33.4981192907039,3
"2020-21",986,9069,3097,102,125,23.8657894736842,884,0.0985836957733913,0.0974749145440512,8967,0.0985836957733913,34.1492998125482,4
"2021-22",1037,9644,3165,84,103,25.3789473684211,953,0.0996861924686192,0.0988179178763998,9560,0.0996861924686192,32.8183326420572,5
"2022-23",1039,9510,3157,74,99,25.0263157894737,965,0.102267910131412,0.101472134595163,9436,0.102267910131412,33.1966351209253,6
"2023-24",1197,10382,3548,96,107,27.3210526315789,1101,0.107038693369629,0.106048930841842,10286,0.107038693369629,34.1745328453092,7
"2024-25",1082,9767,3285,69,83,25.7026315789474,1013,0.104454526706537,0.103716596703184,9698,0.104454526706537,33.6336643800553,8
"2025-26",1005,9496,3181,77,92,24.9894736842105,928,0.0985242594755282,0.0977253580454928,9419,0.0985242594755282,33.4983150800337,9
